<?xml version="1.0" encoding="UTF-8"?>
<!DOCTYPE mapper PUBLIC "-//mybatis.org//DTD Mapper 3.0//EN"
				  "dtd/mybatis-3-mapper.dtd">
<mapper namespace="three">
	<resultMap id="threeResult" type="three">
		<result property="appCode" column="APP_CODE" />
		<result property="pUserCode" column="P_USER_CODE" />
		<result property="sUserCode" column="S_USER_CODE" />
		<result property="motive" column="MOTIVE" />
		<result property="tuition" column="TUITION" />
		<result property="virAcc" column="VIR_ACC" />
		<result property="appStatus" column="APP_STATUS" />
		<result property="major" column="MAJOR" />
	</resultMap>

	<select id="retrieveThree" parameterType="map" resultType="map">
		<![CDATA[
		/*	retrieveThree	*/
			SELECT THREE.APP_CODE
				 , THREE.P_USER_CODE
				 , CU.NAME AS S_USER_NAME
				 , CU.USER_CODE
				 , CU.CLASS2
				 , (SELECT COMM_CD_NM FROM TB_COM_CODE CC WHERE COMM_TY_CD = 'CODE0100' AND CU.PHONE_CD = CC.COMM_CD) || '-' || CU.PHONE_NUM AS PHONE_CD_NM
				 , THREE.S_USER_CODE
				 , THREE.MOTIVE
				 , THREE.TUITION
				 , THREE.VIR_ACC
				 , THREE.APP_STATUS
				 , CASE THREE.APP_STATUS WHEN '0' THEN '지원서 평가 전'
				 						 WHEN '1' THEN '지원서 탈락'
				 						 WHEN '2' THEN '면접 평가 전'
				 						 WHEN '3' THEN '면접 탈락'
				 						 WHEN '4' THEN '최종평가 전'
				 						 WHEN '5' THEN '최종탈락'
				 						 WHEN '6' THEN '최종합격'
				 						 ELSE '' END AS APP_STATUS_NAME
			FROM   TB_THREE THREE
			INNER JOIN TB_COM_USER CU ON CU.USER_CODE = THREE.S_USER_CODE
			WHERE  1=1
			AND    THREE.S_USER_CODE = #{sUserCode}
		]]>
	</select>

	<select id="retrieveThreeList" parameterType="map" resultType="map">
		<![CDATA[
		/*	retrieveThreeList	*/
			SELECT CU.USER_CODE AS P_USER_CODE
				 , CU.NAME AS P_USER_NAME
			FROM   TB_COM_USER CU
			WHERE CU.THREE_YN = 'Y'

		]]>
	</select>

	<select id="retrieveThreeListForEval" parameterType="map" resultType="map">
		<![CDATA[
		/*	retrieveThreeListForEval	*/
			SELECT CU.USER_CODE AS S_USER_CODE,
			       THREE.P_USER_CODE AS P_USER_CODE,
			       CU.NAME AS S_USER_NAME,
			       THREE.APP_CODE,
			       THREE.APP_STATUS,
			       CASE THREE.APP_STATUS
			         WHEN '0' THEN
			          '지원서 평가 전'
			         WHEN '1' THEN
			          '지원서 탈락'
			         WHEN '2' THEN
			          '면접 평가 전'
			         WHEN '3' THEN
			          '면접 탈락'
			         WHEN '4' THEN
			          '최종평가 전'
			         WHEN '5' THEN
			          '최종탈락'
			         WHEN '6' THEN
			          '최종합격'
			         ELSE
			          ''
			       END AS APP_STATUS_NAME, (SELECT NAME FROM TB_COM_USER A WHERE A.USER_CODE = THREE.P_USER_CODE) AS P_USER_NAME
			  FROM TB_COM_USER CU
			 INNER JOIN TB_THREE THREE
			    ON THREE.S_USER_CODE = CU.USER_CODE
	       WHERE THREE.P_USER_CODE = #{pUserCode}
	    ]]>
	    <if test="flag == 1">
	    AND THREE.APP_STATUS IN(0,1,2)
	    </if>
	    <if test="flag == 2">
	    AND THREE.APP_STATUS IN(2,3,4)
	    </if>
	    <if test="flag == 3">
	    AND THREE.APP_STATUS IN(4,5,6)
	    </if>
	</select>

	<select id="retrieveMaxThreeNo" resultType="string">
		<![CDATA[
		/*	retrieveMaxThreeNo	*/
			SELECT MAX(THREE.THREE_NO)
			FROM   TB_THREE THREE
		]]>
	</select>

	<insert id="createThree" parameterType="three">
		<![CDATA[
		/*	createThree	*/
			INSERT INTO TB_THREE(
			  APP_CODE
			, P_USER_CODE
			, S_USER_CODE
			, MOTIVE
			, TUITION
			, VIR_ACC
			) VALUES (
			  'A' || LPAD(THREE_SEQ.NEXTVAL, 4, 0)
			, #{pUserCode}
			, #{sUserCode}
			, #{motive}
			, '120만원'
			, '대구은행'
			)
		]]>
	</insert>

	<update id="updateThree" parameterType="three">
		<![CDATA[
		/*	updateThree	*/
			UPDATE TB_THREE
			SET THREE_TITLE          =  #{threeTitle}
			  , THREE_CONTENTS       =  #{threeContents}
			WHERE THREE_NO = #{threeNo}
		]]>
	</update>

	<update id="updateAppStatus" parameterType="map">
		<![CDATA[
		/*	updateAppStatus	*/
			UPDATE TB_THREE
			SET APP_STATUS          = #{appStatus}
			WHERE APP_CODE = #{appCode}
		]]>
	</update>

	<update id="updateThreeYn" parameterType="map">
		<![CDATA[
		/*	updateThreeHits	*/
			UPDATE TB_COM_USER
			SET THREE_YN          =  #{threeYn}
			WHERE USER_CODE = #{userCode}
		]]>
	</update>


	<delete id="deleteThree" parameterType="map">
		<![CDATA[
		/*	deleteThree	*/
			DELETE
			FROM  TB_THREE
			WHERE 1=1
			AND THREE_NO = #{threeNo}
		]]>
	</delete>
</mapper>